{"cameraMode":{"drawMode":0,"name":"Shaded","section":"Shading Mode"},"sceneLighting":false,"audioPlay":false,"sceneViewState":{"m_AlwaysRefresh":false,"showFog":true,"showSkybox":false,"showFlares":true,"showImageEffects":true,"showParticleSystems":true,"showVisualEffectGraphs":true,"m_FxEnabled":true},"in2DMode":false,"pivot":{"x":-0.000002384185791015625,"y":0.023122310638427736,"z":-0.05684185028076172},"rotation":{"x":-0.256359726190567,"y":0.6156626343727112,"z":-0.22188183665275575,"w":-0.7113627791404724},"size":8.756745338439942,"orthographic":false}