{"cameraMode":{"drawMode":0,"name":"Shaded","section":"Shading Mode"},"sceneLighting":false,"audioPlay":false,"sceneViewState":{"m_AlwaysRefresh":false,"showFog":true,"showSkybox":false,"showFlares":true,"showImageEffects":true,"showParticleSystems":true,"showVisualEffectGraphs":true,"m_FxEnabled":true},"in2DMode":false,"pivot":{"x":1.938367486000061,"y":-12.057891845703125,"z":14.946977615356446},"rotation":{"x":-0.29779431223869326,"y":0.010889900848269463,"z":-0.003403544658794999,"w":-0.9545774459838867},"size":20.62978744506836,"orthographic":false}